Gender,SP_ALZHDMTA,SP_CHF,SP_CHRNKIDN,SP_CNCR,SP_COPD,SP_DEPRESSN,SP_DIABETES,SP_ISCHMCHT,SP_OSTEOPRS,SP_RA_OA,SP_STRKETIA
MALE,17.92426462,26.93929855,15.26670825,6.316568262,12.77578712,19.68355746,35.56448532,39.97195344,16.07831759,14.24407275,4.283192859
FEMALE,20.24185121,29.67032032,16.75400526,6.391947781,14.15968151,22.67312573,39.87288657,43.60747211,18.44939247,16.26083546,4.675289919