Race,SP_ALZHDMTA,SP_CHF,SP_CHRNKIDN,SP_CNCR,SP_COPD,SP_DEPRESSN,SP_DIABETES,SP_ISCHMCHT,SP_OSTEOPRS,SP_RA_OA,SP_STRKETIA
WHITE,0.195572448,0.290311246,0.163958939,0.065957582,0.137936833,0.216269409,0.387587533,0.430178834,0.178528869,0.158081038,0.045687255
BLACK,0.183640599,0.269086843,0.156089665,0.055626648,0.131190887,0.206060802,0.350544762,0.383020551,0.155173319,0.136289323,0.04553473
OTHER,0.154809537,0.226921978,0.12416813,0.04488017,0.105183114,0.178540808,0.314661332,0.34091373,0.142183481,0.121065202,0.032846119
HISPANIC,0.17565607,0.255468018,0.141957284,0.049473858,0.121168714,0.209960884,0.345288598,0.366921933,0.154830771,0.134317668,0.040567095